transaction_id,customer_key,product_key,date_key,quantity,price_per_unit,total_amount
1,651,3,454,3,50,150
1,651,3,109,3,50,150
2,455,2,501,2,500,1000
2,455,2,156,2,500,1000
3,599,1,406,1,30,30
3,599,1,61,1,30,30
4,220,2,682,1,500,500
4,220,2,337,1,500,500
5,670,3,679,2,50,100
5,670,3,334,2,50,100
6,51,3,588,1,30,30
6,51,3,243,1,30,30
7,684,2,455,2,25,50
7,684,2,110,2,25,50
8,325,1,548,4,25,100
8,325,1,203,4,25,100
9,889,1,658,2,300,600
9,889,1,313,2,300,600
10,939,2,442,4,50,200
10,939,2,97,4,50,200
11,405,2,542,2,50,100
11,405,2,197,2,50,100
12,565,3,510,3,25,75
12,565,3,165,3,25,75
13,992,1,492,3,500,1500
13,992,1,147,3,500,1500
14,140,2,367,4,30,120
14,140,2,22,4,30,120
15,12,1,359,4,500,2000
15,12,1,14,4,500,2000
16,483,2,621,3,500,1500
16,483,2,276,3,500,1500
17,283,2,562,4,25,100
17,283,2,217,4,25,100
18,729,1,531,2,25,50
18,729,1,186,2,25,50
19,421,2,672,2,25,50
19,421,2,327,2,25,50
20,336,2,464,3,300,900
20,336,2,119,3,300,900
21,757,3,641,1,500,500
21,757,3,296,1,500,500
22,72,2,609,2,50,100
22,72,2,264,2,50,100
23,301,2,396,4,30,120
23,301,2,51,4,30,120
24,863,2,606,1,300,300
24,863,2,261,1,300,300
25,23,3,463,1,50,50
25,23,3,118,1,50,50
26,333,1,442,2,500,1000
26,333,1,97,2,500,1000
27,899,3,592,2,25,50
27,899,3,247,2,25,50
28,608,3,530,1,500,500
28,608,3,185,1,500,500
29,967,1,503,1,30,30
29,967,1,158,1,30,30
30,347,3,598,3,300,900
30,347,3,253,3,300,900
31,287,1,515,4,300,1200
31,287,1,170,4,300,1200
32,503,3,422,3,30,90
32,503,3,77,3,30,90
33,305,1,504,2,50,100
33,305,1,159,2,50,100
34,576,2,518,3,50,150
34,576,2,173,3,50,150
35,102,3,492,3,300,900
35,102,3,147,3,300,900
36,544,3,361,3,300,900
36,544,3,16,3,300,900
37,213,3,515,3,25,75
37,213,3,170,3,25,75
38,389,3,649,4,50,200
38,389,3,304,4,50,200
39,627,2,565,4,30,120
39,627,2,220,4,30,120
40,864,3,424,1,50,50
40,864,3,79,1,50,50
41,589,2,548,2,25,50
41,589,2,203,2,25,50
42,978,2,621,3,300,900
42,978,2,276,3,300,900
43,977,2,511,1,300,300
43,977,2,166,1,300,300
44,601,2,665,1,25,25
44,601,2,320,1,25,25
45,931,1,491,1,30,30
45,931,1,146,1,30,30
46,288,1,508,4,300,1200
46,288,1,163,4,300,1200
47,374,3,563,3,500,1500
47,374,3,218,3,500,1500
48,777,1,500,3,300,900
48,777,1,155,3,300,900
49,538,1,514,2,500,1000
49,538,1,169,2,500,1000
50,151,3,613,3,25,75
50,151,3,268,3,25,75
51,56,3,594,3,25,75
51,56,3,249,3,25,75
52,938,3,377,1,300,300
52,938,3,32,1,300,300
53,25,1,678,2,50,100
53,25,1,333,2,50,100
54,533,1,578,3,500,1500
54,533,1,233,3,500,1500
55,593,3,410,4,30,120
55,593,3,65,4,30,120
56,118,2,418,3,300,900
56,118,2,73,3,300,900
57,807,3,566,1,30,30
57,807,3,221,1,30,30
58,280,2,381,4,300,1200
58,280,2,36,4,300,1200
59,40,2,486,1,50,50
59,40,2,141,1,50,50
60,607,3,611,3,50,150
60,607,3,266,3,50,150
61,285,3,571,4,50,200
61,285,3,226,4,50,200
62,631,3,647,2,50,100
62,631,3,302,2,50,100
63,901,1,627,2,25,50
63,901,1,282,2,25,50
64,520,2,674,4,25,100
64,520,2,329,4,25,100
65,504,1,522,4,500,2000
65,504,1,177,4,500,2000
66,888,1,429,1,30,30
66,888,1,84,1,30,30
67,756,3,681,4,300,1200
67,756,3,336,4,300,1200
68,291,1,578,1,300,300
68,291,1,233,1,300,300
69,668,3,531,3,25,75
69,668,3,186,3,25,75
70,667,2,369,1,300,300
70,667,2,24,1,300,300
71,216,3,511,4,25,100
71,216,3,166,4,25,100
72,679,1,515,4,500,2000
72,679,1,170,4,500,2000
73,868,1,538,3,30,90
73,868,1,193,3,30,90
74,819,3,509,4,500,2000
74,819,3,164,4,500,2000
75,560,3,546,4,50,200
75,560,3,201,4,50,200
76,463,1,575,2,50,100
76,463,1,230,2,50,100
77,416,2,443,2,50,100
77,416,2,98,2,50,100
78,943,2,488,3,500,1500
78,943,2,143,3,500,1500
79,726,3,474,1,300,300
79,726,3,129,1,300,300
80,745,2,498,2,30,60
80,745,2,153,2,30,60
81,616,1,425,1,50,50
81,616,1,80,1,50,50
82,597,3,463,4,50,200
82,597,3,118,4,50,200
83,219,1,362,2,50,100
83,219,1,17,2,50,100
84,441,1,437,3,30,90
84,441,1,92,3,30,90
85,438,2,536,3,50,150
85,438,2,191,3,50,150
86,339,3,605,3,30,90
86,339,3,260,3,30,90
87,747,3,509,2,50,100
87,747,3,164,2,50,100
88,952,2,373,1,500,500
88,952,2,28,1,500,500
89,697,1,608,4,500,2000
89,697,1,263,4,500,2000
90,388,1,679,1,30,30
90,388,1,334,1,30,30
91,144,1,575,1,500,500
91,144,1,230,1,500,500
92,637,1,452,4,30,120
92,637,1,107,4,30,120
93,84,3,511,4,500,2000
93,84,3,166,4,500,2000
94,956,3,529,2,500,1000
94,956,3,184,2,500,1000
95,643,2,454,2,30,60
95,643,2,109,2,30,60
96,894,2,403,2,300,600
96,894,2,58,2,300,600
97,540,3,569,2,500,1000
97,540,3,224,2,500,1000
98,402,3,530,2,50,100
98,402,3,185,2,50,100
99,580,1,499,4,300,1200
99,580,1,154,4,300,1200
100,346,1,620,1,30,30
100,346,1,275,1,30,30
101,202,2,524,2,300,600
101,202,2,179,2,300,600
102,46,3,532,2,25,50
102,46,3,187,2,25,50
103,68,2,367,1,25,25
103,68,2,22,1,25,25
104,951,3,527,2,500,1000
104,951,3,182,2,500,1000
105,604,1,495,1,500,500
105,604,1,150,1,500,500
106,734,2,685,1,50,50
106,734,2,340,1,50,50
107,823,2,623,4,300,1200
107,823,2,278,4,300,1200
108,709,3,368,3,25,75
108,709,3,23,3,25,75
109,964,1,419,4,500,2000
109,964,1,74,4,500,2000
110,672,2,527,3,300,900
110,672,2,182,3,300,900
111,711,1,368,3,500,1500
111,711,1,23,3,500,1500
112,250,2,632,3,500,1500
112,250,2,287,3,500,1500
113,830,1,654,2,25,50
113,830,1,309,2,25,50
114,92,3,457,4,25,100
114,92,3,112,4,25,100
115,86,2,472,3,500,1500
115,86,2,127,3,500,1500
116,846,2,626,1,30,30
116,846,2,281,1,30,30
117,728,1,432,2,500,1000
117,728,1,87,2,500,1000
118,545,1,500,4,500,2000
118,545,1,155,4,500,2000
119,439,2,455,3,50,150
119,439,2,110,3,50,150
120,748,3,428,1,50,50
120,748,3,83,1,50,50
121,63,1,609,4,50,200
121,63,1,264,4,50,200
122,274,1,643,4,30,120
122,274,1,298,4,30,120
123,955,1,652,2,30,60
123,955,1,307,2,30,60
124,514,2,676,4,500,2000
124,514,2,331,4,500,2000
125,432,2,441,2,50,100
125,432,2,96,2,50,100
126,390,2,440,3,30,90
126,390,2,95,3,30,90
127,136,2,584,2,25,50
127,136,2,239,2,25,50
128,773,3,486,1,500,500
128,773,3,141,1,500,500
129,812,3,530,2,300,600
129,812,3,185,2,300,600
130,618,2,375,1,500,500
130,618,2,30,1,500,500
131,682,3,439,2,300,600
131,682,3,94,2,300,600
132,603,1,666,4,50,200
132,603,1,321,4,50,200
133,190,1,622,3,300,900
133,190,1,277,3,300,900
134,355,1,570,1,50,50
134,355,1,225,1,50,50
135,362,2,374,2,25,50
135,362,2,29,2,25,50
136,998,1,470,2,300,600
136,998,1,125,2,300,600
137,171,3,566,2,500,1000
137,171,3,221,2,500,1000
138,15,2,504,4,50,200
138,15,2,159,4,50,200
139,332,3,558,4,500,2000
139,332,3,213,4,500,2000
140,705,1,492,1,30,30
140,705,1,147,1,30,30
141,552,1,519,1,50,50
141,552,1,174,1,50,50
142,554,1,391,4,300,1200
142,554,1,46,4,300,1200
143,393,2,689,1,50,50
143,393,2,344,1,50,50
144,733,3,469,3,500,1500
144,733,3,124,3,500,1500
145,372,2,519,3,25,75
145,372,2,174,3,25,75
146,497,2,480,4,50,200
146,497,2,135,4,50,200
147,688,1,616,1,300,300
147,688,1,271,1,300,300
148,90,2,656,2,30,60
148,90,2,311,2,30,60
149,61,2,644,3,25,75
149,61,2,299,3,25,75
150,639,1,670,4,30,120
150,639,1,325,4,30,120
151,854,2,558,1,50,50
151,854,2,213,1,50,50
152,818,1,555,4,500,2000
152,818,1,210,4,500,2000
153,383,1,362,2,500,1000
153,383,1,17,2,500,1000
154,462,1,594,3,300,900
154,462,1,249,3,300,900
155,121,1,425,4,500,2000
155,121,1,80,4,500,2000
156,784,2,587,4,25,100
156,784,2,242,4,25,100
157,723,1,361,4,500,2000
157,723,1,16,4,500,2000
158,467,1,501,2,300,600
158,467,1,156,2,300,600
159,893,2,418,4,50,200
159,893,2,73,4,50,200
160,632,2,471,2,50,100
160,632,2,126,2,50,100
161,159,3,417,2,500,1000
161,159,3,72,2,500,1000
162,18,2,538,2,30,60
162,18,2,193,2,30,60
163,11,2,639,3,50,150
163,11,2,294,3,50,150
164,409,3,652,3,500,1500
164,409,3,307,3,500,1500
165,382,2,615,4,300,1200
165,382,2,270,4,300,1200
166,699,2,525,4,500,2000
166,699,2,180,4,500,2000
167,676,2,614,3,50,150
167,676,2,269,3,50,150
168,553,2,365,1,300,300
168,553,2,20,1,300,300
169,480,3,668,3,500,1500
169,480,3,323,3,500,1500
170,268,2,671,2,25,50
170,268,2,326,2,25,50
171,522,2,454,3,300,900
171,522,2,109,3,300,900
172,558,3,614,2,25,50
172,558,3,269,2,25,50
173,664,1,605,4,30,120
173,664,1,260,4,30,120
174,197,3,396,1,300,300
174,197,3,51,1,300,300
175,320,1,470,4,25,100
175,320,1,125,4,25,100
176,445,3,487,2,50,100
176,445,3,142,2,50,100
177,413,3,431,2,50,100
177,413,3,86,2,50,100
178,450,2,520,2,30,60
178,450,2,175,2,30,60
179,19,1,590,1,300,300
179,19,1,245,1,300,300
180,693,2,462,3,300,900
180,693,2,117,3,300,900
181,716,1,561,4,300,1200
181,716,1,216,4,300,1200
182,549,3,348,4,30,120
182,549,3,3,4,30,120
183,559,3,354,3,300,900
183,559,3,9,3,300,900
184,972,1,663,4,50,200
184,972,1,318,4,50,200
185,655,2,501,1,25,25
185,655,2,156,1,25,25
186,594,2,486,4,50,200
186,594,2,141,4,50,200
187,531,2,537,2,50,100
187,531,2,192,2,50,100
188,422,2,634,3,25,75
188,422,2,289,3,25,75
189,160,3,630,1,50,50
189,160,3,285,1,50,50
190,54,3,395,3,30,90
190,54,3,50,3,30,90
191,796,3,419,1,25,25
191,796,3,74,1,25,25
192,948,3,578,2,50,100
192,948,3,233,2,50,100
193,218,3,456,3,500,1500
193,218,3,111,3,500,1500
194,427,2,404,4,50,200
194,427,2,59,4,50,200
195,850,2,627,1,30,30
195,850,2,282,1,30,30
196,661,2,460,3,300,900
196,661,2,115,3,300,900
197,849,2,528,4,50,200
197,849,2,183,4,50,200
198,279,3,465,3,300,900
198,279,3,120,3,300,900
199,166,3,352,3,500,1500
199,166,3,7,3,500,1500
200,134,3,534,3,50,150
200,134,3,189,3,50,150
201,60,1,601,1,25,25
201,60,1,256,1,25,25
202,870,2,540,4,300,1200
202,870,2,195,4,300,1200
203,884,2,500,2,500,1000
203,884,2,155,2,500,1000
204,675,3,616,1,25,25
204,675,3,271,1,25,25
205,375,2,393,1,25,25
205,375,2,48,1,25,25
206,844,2,492,1,25,25
206,844,2,147,1,25,25
207,582,3,368,2,25,50
207,582,3,23,2,25,50
208,598,1,520,4,50,200
208,598,1,175,4,50,200
209,303,1,416,4,50,200
209,303,1,71,4,50,200
210,473,1,517,4,50,200
210,473,1,172,4,50,200
211,875,3,683,3,500,1500
211,875,3,338,3,500,1500
212,997,2,557,3,500,1500
212,997,2,212,3,500,1500
213,292,3,584,3,500,1500
213,292,3,239,3,500,1500
214,47,3,498,2,30,60
214,47,3,153,2,30,60
215,687,2,606,3,500,1500
215,687,2,261,3,500,1500
216,237,1,487,2,50,100
216,237,1,142,2,50,100
217,789,1,484,4,50,200
217,789,1,139,4,50,200
218,340,3,446,3,30,90
218,340,3,101,3,30,90
219,133,1,427,3,30,90
219,133,1,82,3,30,90
220,76,3,675,1,500,500
220,76,3,330,1,500,500
221,930,3,428,2,300,600
221,930,3,83,2,300,600
222,125,2,388,4,30,120
222,125,2,43,4,30,120
223,399,2,391,1,25,25
223,399,2,46,1,25,25
224,444,2,380,1,50,50
224,444,2,35,1,50,50
225,129,3,556,4,25,100
225,129,3,211,4,25,100
226,657,2,598,1,50,50
226,657,2,253,1,50,50
227,199,1,644,2,50,100
227,199,1,299,2,50,100
228,902,1,532,2,30,60
228,902,1,187,2,30,60
229,617,3,598,3,30,90
229,617,3,253,3,30,90
230,368,3,530,1,25,25
230,368,3,185,1,25,25
231,148,2,422,3,50,150
231,148,2,77,3,50,150
232,433,3,536,1,25,25
232,433,3,191,1,25,25
233,732,3,364,2,300,600
233,732,3,19,2,300,600
234,857,1,544,2,25,50
234,857,1,199,2,25,50
235,334,1,599,2,500,1000
235,334,1,254,2,500,1000
236,825,2,532,1,25,25
236,825,2,187,1,25,25
237,440,3,642,2,500,1000
237,440,3,297,2,500,1000
238,21,3,367,1,500,500
238,21,3,22,1,500,500
239,641,1,351,3,500,1500
239,641,1,6,3,500,1500
240,9,3,536,1,300,300
240,9,3,191,1,300,300
241,453,1,533,3,25,75
241,453,1,188,3,25,75
242,713,2,688,1,25,25
242,713,2,343,1,25,25
243,647,1,515,3,300,900
243,647,1,170,3,300,900
244,22,3,648,2,50,100
244,22,3,303,2,50,100
245,890,2,404,3,30,90
245,890,2,59,3,30,90
246,484,1,383,2,25,50
246,484,1,38,2,25,50
247,309,1,520,2,30,60
247,309,1,175,2,30,60
248,741,2,426,3,300,900
248,741,2,81,3,300,900
249,566,2,449,1,50,50
249,566,2,104,1,50,50
250,185,1,611,1,50,50
250,185,1,266,1,50,50
251,414,3,568,4,50,200
251,414,3,223,4,50,200
252,869,1,408,1,300,300
252,869,1,63,1,300,300
253,768,2,568,4,500,2000
253,768,2,223,4,500,2000
254,103,1,458,1,500,500
254,103,1,113,1,500,500
255,451,2,434,1,30,30
255,451,2,89,1,30,30
256,645,2,612,2,500,1000
256,645,2,267,2,500,1000
257,75,3,665,4,500,2000
257,75,3,320,4,500,2000
258,625,2,352,1,50,50
258,625,2,7,1,50,50
259,738,2,447,4,50,200
259,738,2,102,4,50,200
260,330,3,488,2,30,60
260,330,3,143,2,30,60
261,486,2,492,2,25,50
261,486,2,147,2,25,50
262,13,3,423,4,30,120
262,13,3,78,4,30,120
263,636,3,480,2,30,60
263,636,3,135,2,30,60
264,924,2,550,3,300,900
264,924,2,205,3,300,900
265,124,2,387,3,300,900
265,124,2,42,3,300,900
266,686,1,400,2,30,60
266,686,1,55,2,30,60
267,715,3,467,3,30,90
267,715,3,122,3,30,90
268,464,1,399,1,30,30
268,464,1,54,1,30,30
269,212,2,547,4,500,2000
269,212,2,202,4,500,2000
270,73,1,370,1,300,300
270,73,1,25,1,300,300
271,495,3,380,4,30,120
271,495,3,35,4,30,120
272,262,1,505,2,50,100
272,262,1,160,2,50,100
273,338,3,589,1,50,50
273,338,3,244,1,50,50
274,117,2,571,2,500,1000
274,117,2,226,2,500,1000
275,722,2,434,2,500,1000
275,722,2,89,2,500,1000
276,509,3,594,4,25,100
276,509,3,249,4,25,100
277,106,2,503,4,25,100
277,106,2,158,4,25,100
278,911,2,455,4,25,100
278,911,2,110,4,25,100
279,89,2,492,1,500,500
279,89,2,147,1,500,500
280,760,2,586,3,500,1500
280,760,2,241,3,500,1500
281,501,3,515,4,500,2000
281,501,3,170,4,500,2000
282,835,1,452,4,50,200
282,835,1,107,4,50,200
283,677,1,589,1,500,500
283,677,1,244,1,500,500
284,563,2,353,4,50,200
284,563,2,8,4,50,200
285,813,1,473,1,25,25
285,813,1,128,1,25,25
286,543,1,601,2,25,50
286,543,1,256,2,25,50
287,663,2,399,4,25,100
287,663,2,54,4,25,100
288,411,2,358,4,30,120
288,411,2,13,4,30,120
289,209,1,438,2,30,60
289,209,1,93,2,30,60
290,62,3,520,2,300,600
290,62,3,175,2,300,600
291,317,2,409,2,300,600
291,317,2,64,2,300,600
292,180,3,621,4,300,1200
292,180,3,276,4,300,1200
293,352,1,688,3,30,90
293,352,1,343,3,30,90
294,660,2,686,3,30,90
294,660,2,341,3,30,90
295,257,3,458,3,300,900
295,257,3,113,3,300,900
296,613,2,404,4,300,1200
296,613,2,59,4,300,1200
297,443,1,521,2,500,1000
297,443,1,176,2,500,1000
298,155,3,383,4,300,1200
298,155,3,38,4,300,1200
299,852,1,495,2,500,1000
299,852,1,150,2,500,1000
300,570,1,599,4,50,200
300,570,1,254,4,50,200
301,891,2,540,4,30,120
301,891,2,195,4,30,120
302,454,3,511,2,300,600
302,454,3,166,2,300,600
303,222,1,639,3,30,90
303,222,1,294,3,30,90
304,614,1,485,2,30,60
304,614,1,140,2,30,60
305,923,3,500,1,30,30
305,923,3,155,1,30,30
306,310,1,538,1,50,50
306,310,1,193,1,50,50
307,498,1,552,2,25,50
307,498,1,207,2,25,50
308,575,3,492,4,300,1200
308,575,3,147,4,300,1200
309,793,3,347,1,25,25
309,793,3,2,1,25,25
310,31,3,591,1,25,25
310,31,3,246,1,25,25
311,252,3,522,4,25,100
311,252,3,177,4,25,100
312,753,2,386,4,30,120
312,753,2,41,4,30,120
313,345,3,649,3,500,1500
313,345,3,304,3,500,1500
314,225,2,434,4,30,120
314,225,2,89,4,30,120
315,574,2,436,2,30,60
315,574,2,91,2,30,60
316,294,2,562,2,25,50
316,294,2,217,2,25,50
317,380,1,630,3,30,90
317,380,1,285,3,30,90
318,290,2,661,1,25,25
318,290,2,316,1,25,25
319,622,2,593,1,500,500
319,622,2,248,1,500,500
320,642,1,547,4,300,1200
320,642,1,202,4,300,1200
321,232,1,482,2,25,50
321,232,1,137,2,25,50
322,596,1,630,1,500,500
322,596,1,285,1,500,500
323,364,3,358,3,300,900
323,364,3,13,3,300,900
324,659,1,676,3,50,150
324,659,1,331,3,50,150
325,781,1,596,2,25,50
325,781,1,251,2,25,50
326,420,2,430,3,25,75
326,420,2,85,3,25,75
327,348,1,590,3,50,150
327,348,1,245,3,50,150
328,234,3,417,2,50,100
328,234,3,72,2,50,100
329,1,1,630,4,25,100
329,1,1,285,4,25,100
330,961,3,439,4,50,200
330,961,3,94,4,50,200
331,719,1,401,3,30,90
331,719,1,56,3,30,90
332,300,1,619,4,300,1200
332,300,1,274,4,300,1200
333,587,1,627,4,300,1200
333,587,1,282,4,300,1200
334,65,1,516,3,300,900
334,65,1,171,3,300,900
335,937,3,642,4,30,120
335,937,3,297,4,30,120
336,358,3,638,3,50,150
336,358,3,293,3,50,150
337,256,2,667,1,500,500
337,256,2,322,1,500,500
338,436,3,370,2,50,100
338,436,3,25,2,50,100
339,634,1,675,2,25,50
339,634,1,330,2,25,50
340,158,2,655,4,300,1200
340,158,2,310,4,300,1200
341,590,2,428,4,50,200
341,590,2,83,4,50,200
342,508,2,661,4,500,2000
342,508,2,316,4,500,2000
343,983,1,516,2,25,50
343,983,1,171,2,25,50
344,927,3,690,1,30,30
344,927,3,345,1,30,30
345,49,1,382,1,30,30
345,49,1,37,1,30,30
346,916,2,401,2,500,1000
346,916,2,56,2,500,1000
347,43,1,592,1,25,25
347,43,1,247,1,25,25
348,892,1,398,2,300,600
348,892,1,53,2,300,600
349,674,3,440,1,50,50
349,674,3,95,1,50,50
350,915,3,535,3,25,75
350,915,3,190,3,25,75
351,247,2,523,3,30,90
351,247,2,178,3,30,90
352,77,1,527,2,500,1000
352,77,1,182,2,500,1000
353,979,1,402,1,500,500
353,979,1,57,1,500,500
354,866,3,389,4,50,200
354,866,3,44,4,50,200
355,550,1,648,1,500,500
355,550,1,303,1,500,500
356,227,1,482,3,500,1500
356,227,1,137,3,500,1500
357,826,1,634,3,25,75
357,826,1,289,3,25,75
358,588,3,500,1,300,300
358,588,3,155,1,300,300
359,988,2,457,1,50,50
359,988,2,112,1,50,50
360,470,2,426,4,25,100
360,470,2,81,4,25,100
361,299,1,498,4,300,1200
361,299,1,153,4,300,1200
362,371,2,467,1,25,25
362,371,2,122,1,25,25
363,1000,3,433,1,25,25
363,1000,3,88,1,25,25
364,782,3,626,1,500,500
364,782,3,281,1,500,500
365,179,2,527,1,300,300
365,179,2,182,1,300,300
366,298,2,451,2,50,100
366,298,2,106,2,50,100
367,204,1,551,1,50,50
367,204,1,206,1,50,50
368,37,2,626,4,300,1200
368,37,2,281,4,300,1200
369,702,1,595,3,500,1500
369,702,1,250,3,500,1500
370,595,1,629,2,30,60
370,595,1,284,2,30,60
371,958,3,369,1,25,25
371,958,3,24,1,25,25
372,128,3,451,3,500,1500
372,128,3,106,3,500,1500
373,876,3,643,2,300,600
373,876,3,298,2,300,600
374,329,3,383,3,25,75
374,329,3,38,3,25,75
375,683,2,614,1,50,50
375,683,2,269,1,50,50
376,981,3,500,1,30,30
376,981,3,155,1,30,30
377,809,2,426,4,50,200
377,809,2,81,4,50,200
378,28,3,633,1,300,300
378,28,3,288,1,300,300
379,706,2,627,1,25,25
379,706,2,282,1,25,25
380,940,1,679,2,300,600
380,940,1,334,2,300,600
381,944,2,443,4,25,100
381,944,2,98,4,25,100
382,221,2,494,2,500,1000
382,221,2,149,2,500,1000
383,654,3,417,3,30,90
383,654,3,72,3,30,90
384,255,2,484,1,500,500
384,255,2,139,1,500,500
385,224,1,539,3,500,1500
385,224,1,194,3,500,1500
386,152,1,647,2,300,600
386,152,1,302,2,300,600
387,681,3,583,1,30,30
387,681,3,238,1,30,30
388,354,1,496,1,25,25
388,354,1,151,1,25,25
389,628,2,400,2,25,50
389,628,2,55,2,25,50
390,249,1,616,2,50,100
390,249,1,271,2,50,100
391,318,3,551,2,25,50
391,318,3,206,2,25,50
392,286,2,493,2,300,600
392,286,2,148,2,300,600
393,548,3,644,2,500,1000
393,548,3,299,2,500,1000
394,801,2,433,1,500,500
394,801,2,88,1,500,500
395,842,1,573,2,500,1000
395,842,1,228,2,500,1000
396,883,3,506,1,30,30
396,883,3,161,1,30,30
397,205,3,567,1,25,25
397,205,3,222,1,25,25
398,828,2,500,2,300,600
398,828,2,155,2,300,600
399,167,3,384,2,30,60
399,167,3,39,2,30,60
400,605,2,365,4,50,200
400,605,2,20,4,50,200
401,71,2,644,1,300,300
401,71,2,299,1,300,300
402,856,2,649,2,300,600
402,856,2,304,2,300,600
403,919,2,497,2,300,600
403,919,2,152,2,300,600
404,226,1,582,2,500,1000
404,226,1,237,2,500,1000
405,447,2,563,4,300,1200
405,447,2,218,4,300,1200
406,721,3,474,4,25,100
406,721,3,129,4,25,100
407,714,1,397,3,300,900
407,714,1,52,3,300,900
408,879,3,389,1,500,500
408,879,3,44,1,500,500
409,91,1,574,3,300,900
409,91,1,229,3,300,900
410,377,2,415,2,50,100
410,377,2,70,2,50,100
411,126,1,500,4,50,200
411,126,1,155,4,50,200
412,606,1,672,4,500,2000
412,606,1,327,4,500,2000
413,335,3,354,3,25,75
413,335,3,9,3,25,75
414,448,3,656,4,25,100
414,448,3,311,4,25,100
415,273,2,453,2,30,60
415,273,2,108,2,30,60
416,690,1,621,4,500,2000
416,690,1,276,4,500,2000
417,99,1,415,3,300,900
417,99,1,70,3,300,900
418,834,1,492,2,500,1000
418,834,1,147,2,500,1000
419,656,2,618,3,30,90
419,656,2,273,3,30,90
420,83,2,514,4,500,2000
420,83,2,169,4,500,2000
421,326,2,639,3,500,1500
421,326,2,294,3,500,1500
422,817,2,585,3,30,90
422,817,2,240,3,30,90
423,261,2,461,1,25,25
423,261,2,116,1,25,25
424,528,3,421,4,300,1200
424,528,3,76,4,300,1200
425,633,1,652,4,30,120
425,633,1,307,4,30,120
426,33,1,431,3,50,150
426,33,1,86,3,50,150
427,331,1,473,1,25,25
427,331,1,128,1,25,25
428,351,1,410,4,50,200
428,351,1,65,4,50,200
429,297,1,435,2,25,50
429,297,1,90,2,25,50
430,98,1,476,3,300,900
430,98,1,131,3,300,900
431,678,1,609,4,300,1200
431,678,1,264,4,300,1200
432,379,1,551,2,500,1000
432,379,1,206,2,500,1000
433,573,3,501,4,50,200
433,573,3,156,4,50,200
434,59,1,353,2,25,50
434,59,1,8,2,25,50
435,272,3,416,3,300,900
435,272,3,71,3,300,900
436,908,2,580,4,30,120
436,908,2,235,4,30,120
437,80,1,442,4,300,1200
437,80,1,97,4,300,1200
438,431,2,645,1,30,30
438,431,2,300,1,30,30
439,120,2,443,3,25,75
439,120,2,98,3,25,75
440,963,2,440,2,300,600
440,963,2,95,2,300,600
441,950,3,410,4,300,1200
441,950,3,65,4,300,1200
442,246,2,581,4,25,100
442,246,2,236,4,25,100
443,210,2,447,2,300,600
443,210,2,102,2,300,600
444,475,2,465,3,30,90
444,475,2,120,3,30,90
445,410,1,610,1,300,300
445,410,1,265,1,300,300
446,101,1,537,1,50,50
446,101,1,192,1,50,50
447,282,3,546,4,500,2000
447,282,3,201,4,500,2000
448,312,3,690,2,30,60
448,312,3,345,2,30,60
449,536,1,491,4,50,200
449,536,1,146,4,50,200
450,295,3,474,2,25,50
450,295,3,129,2,25,50
451,116,1,362,1,30,30
451,116,1,17,1,30,30
452,837,2,589,3,500,1500
452,837,2,244,3,500,1500
453,55,2,493,2,500,1000
453,55,2,148,2,500,1000
454,499,3,548,1,25,25
454,499,3,203,1,25,25
455,696,1,488,4,25,100
455,696,1,143,4,25,100
456,653,1,600,2,30,60
456,653,1,255,2,30,60
457,30,3,458,3,300,900
457,30,3,113,3,300,900
458,229,1,382,4,25,100
458,229,1,37,4,25,100
459,567,2,649,4,300,1200
459,567,2,304,4,300,1200
460,804,3,688,1,50,50
460,804,3,343,1,50,50
461,652,3,575,2,500,1000
461,652,3,230,2,500,1000
462,157,1,481,4,300,1200
462,157,1,136,4,300,1200
463,658,3,572,3,500,1500
463,658,3,227,3,500,1500
464,867,1,406,2,300,600
464,867,1,61,2,300,600
465,934,1,525,3,50,150
465,934,1,180,3,50,150
466,886,1,585,4,25,100
466,886,1,240,4,25,100
467,187,1,423,3,50,150
467,187,1,78,3,50,150
468,269,1,648,1,25,25
468,269,1,303,1,25,25
469,494,3,589,3,25,75
469,494,3,244,3,25,75
470,620,2,425,2,500,1000
470,620,2,80,2,500,1000
471,619,2,504,3,50,150
471,619,2,159,3,50,150
472,53,3,463,3,300,900
472,53,3,118,3,300,900
473,491,3,505,1,50,50
473,491,3,160,1,50,50
474,671,2,469,3,500,1500
474,671,2,124,3,500,1500
475,10,2,466,3,25,75
475,10,2,121,3,25,75
476,394,2,635,4,500,2000
476,394,2,290,4,500,2000
477,987,2,366,4,30,120
477,987,2,21,4,30,120
478,139,2,517,2,30,60
478,139,2,172,2,30,60
479,96,1,613,4,300,1200
479,96,1,268,4,300,1200
480,799,3,450,4,500,2000
480,799,3,105,4,500,2000
481,359,1,660,4,300,1200
481,359,1,315,4,300,1200
482,795,2,429,4,300,1200
482,795,2,84,4,300,1200
483,518,2,588,1,30,30
483,518,2,243,1,30,30
484,35,2,406,4,300,1200
484,35,2,61,4,300,1200
485,452,1,352,1,30,30
485,452,1,7,1,30,30
486,692,1,571,1,25,25
486,692,1,226,1,25,25
487,81,2,584,4,500,2000
487,81,2,239,4,500,2000
488,322,1,543,3,300,900
488,322,1,198,3,300,900
489,551,1,515,1,30,30
489,551,1,170,1,30,30
490,323,2,627,3,50,150
490,323,2,282,3,50,150
491,311,1,515,3,300,900
491,311,1,170,3,300,900
492,858,3,450,4,25,100
492,858,3,105,4,25,100
493,353,3,587,2,25,50
493,353,3,242,2,25,50
494,341,3,439,4,50,200
494,341,3,94,4,50,200
495,163,3,584,2,30,60
495,163,3,239,2,30,60
496,276,2,549,2,300,600
496,276,2,204,2,300,600
497,527,2,594,4,30,120
497,527,2,249,4,30,120
498,321,2,351,4,25,100
498,321,2,6,4,25,100
499,794,3,628,2,30,60
499,794,3,283,2,30,60
500,929,3,384,4,25,100
500,929,3,39,4,25,100
501,132,1,402,2,30,60
501,132,1,57,2,30,60
502,820,1,525,3,50,150
502,820,1,180,3,50,150
503,304,3,597,4,500,2000
503,304,3,252,4,500,2000
504,193,3,500,3,50,150
504,193,3,155,3,50,150
505,840,3,466,1,50,50
505,840,3,121,1,50,50
506,725,3,505,3,500,1500
506,725,3,160,3,500,1500
507,695,1,519,3,500,1500
507,695,1,174,3,500,1500
508,736,3,471,2,300,600
508,736,3,126,2,300,600
509,965,1,508,3,300,900
509,965,1,163,3,300,900
510,183,3,482,4,50,200
510,183,3,137,4,50,200
511,350,3,513,2,50,100
511,350,3,168,2,50,100
512,456,3,393,1,25,25
512,456,3,48,1,25,25
513,517,1,617,4,25,100
513,517,1,272,4,25,100
514,942,1,384,1,300,300
514,942,1,39,1,300,300
515,512,2,689,3,300,900
515,512,2,344,3,300,900
516,194,3,611,4,25,100
516,194,3,266,4,25,100
517,586,2,434,4,25,100
517,586,2,89,4,25,100
518,880,2,625,1,30,30
518,880,2,280,1,30,30
519,48,1,514,4,30,120
519,48,1,169,4,30,120
520,949,1,364,4,25,100
520,949,1,19,4,25,100
521,855,2,513,4,30,120
521,855,2,168,4,30,120
522,34,3,462,3,500,1500
522,34,3,117,3,500,1500
523,468,1,657,1,300,300
523,468,1,312,1,300,300
524,449,3,643,4,300,1200
524,449,3,298,4,300,1200
525,959,3,574,2,25,50
525,959,3,229,2,25,50
526,404,2,498,2,50,100
526,404,2,153,2,50,100
527,822,2,624,2,25,50
527,822,2,279,2,25,50
528,557,2,546,2,30,60
528,557,2,201,2,30,60
529,32,2,447,3,50,150
529,32,2,102,3,50,150
530,878,1,627,4,30,120
530,878,1,282,4,30,120
531,954,1,378,1,500,500
531,954,1,33,1,500,500
532,3,2,351,4,30,120
532,3,2,6,4,30,120
533,337,1,653,3,500,1500
533,337,1,308,3,500,1500
534,88,2,482,2,500,1000
534,88,2,137,2,500,1000
535,761,3,573,3,30,90
535,761,3,228,3,30,90
536,201,3,377,4,30,120
536,201,3,32,4,30,120
537,556,3,433,1,500,500
537,556,3,88,1,500,500
538,578,2,614,3,50,150
538,578,2,269,3,50,150
539,95,3,576,1,500,500
539,95,3,231,1,500,500
540,555,1,493,3,300,900
540,555,1,148,3,300,900
541,373,3,489,1,500,500
541,373,3,144,1,500,500
542,2,3,607,1,50,50
542,2,3,262,1,50,50
543,52,3,370,2,300,600
543,52,3,25,2,300,600
544,783,1,347,1,25,25
544,783,1,2,1,25,25
545,479,2,436,2,25,50
545,479,2,91,2,25,50
546,177,1,644,4,50,200
546,177,1,299,4,50,200
547,69,2,465,4,500,2000
547,69,2,120,4,500,2000
548,349,2,571,2,30,60
548,349,2,226,2,30,60
549,816,3,372,2,50,100
549,816,3,27,2,50,100
550,426,2,378,3,300,900
550,426,2,33,3,300,900
551,143,1,511,3,300,900
551,143,1,166,3,300,900
552,803,1,658,3,25,75
552,803,1,313,3,25,75
553,278,2,349,4,300,1200
553,278,2,4,4,300,1200
554,217,3,637,3,50,150
554,217,3,292,3,50,150
555,507,3,655,1,300,300
555,507,3,310,1,300,300
556,302,1,583,1,50,50
556,302,1,238,1,50,50
557,316,3,640,3,30,90
557,316,3,295,3,30,90
558,361,2,673,1,25,25
558,361,2,328,1,25,25
559,78,2,462,4,300,1200
559,78,2,117,4,300,1200
560,780,1,687,1,50,50
560,780,1,342,1,50,50
561,162,2,552,4,500,2000
561,162,2,207,4,500,2000
562,203,1,474,2,25,50
562,203,1,129,2,25,50
563,524,2,447,2,30,60
563,524,2,102,2,30,60
564,957,1,661,2,50,100
564,957,1,316,2,50,100
565,396,3,393,2,30,60
565,396,3,48,2,30,60
566,437,2,632,1,30,30
566,437,2,287,1,30,30
567,904,2,662,3,300,900
567,904,2,317,3,300,900
568,717,1,664,1,300,300
568,717,1,319,1,300,300
569,137,1,473,4,50,200
569,137,1,128,4,50,200
570,478,2,473,1,500,500
570,478,2,128,1,500,500
571,27,1,638,1,50,50
571,27,1,293,1,50,50
572,408,2,383,4,500,2000
572,408,2,38,4,500,2000
573,233,3,617,2,30,60
573,233,3,272,2,30,60
574,615,1,568,2,25,50
574,615,1,223,2,25,50
575,740,2,363,2,50,100
575,740,2,18,2,50,100
576,169,3,352,3,50,150
576,169,3,7,3,50,150
577,860,3,456,4,500,2000
577,860,3,111,4,500,2000
578,650,2,494,4,30,120
578,650,2,149,4,30,120
579,485,1,533,1,30,30
579,485,1,188,1,30,30
580,610,2,573,3,500,1500
580,610,2,228,3,500,1500
581,6,3,415,2,30,60
581,6,3,70,2,30,60
582,138,2,382,3,300,900
582,138,2,37,3,300,900
583,57,1,407,4,25,100
583,57,1,62,4,25,100
584,370,3,621,4,50,200
584,370,3,276,4,50,200
585,417,2,667,1,25,25
585,417,2,322,1,25,25
586,778,1,387,1,50,50
586,778,1,42,1,50,50
587,20,3,576,4,300,1200
587,20,3,231,4,300,1200
588,751,1,388,2,30,60
588,751,1,43,2,30,60
589,624,3,396,2,500,1000
589,624,3,51,2,500,1000
590,635,2,581,3,300,900
590,635,2,236,3,300,900
591,327,1,406,4,25,100
591,327,1,61,4,25,100
592,165,3,674,4,500,2000
592,165,3,329,4,500,2000
593,458,1,679,2,30,60
593,458,1,334,2,30,60
594,457,1,534,2,300,600
594,457,1,189,2,300,600
595,293,2,479,4,500,2000
595,293,2,134,4,500,2000
596,110,1,451,1,300,300
596,110,1,106,1,300,300
597,976,3,413,4,300,1200
597,976,3,68,4,300,1200
598,208,3,390,4,30,120
598,208,3,45,4,30,120
599,265,3,356,2,50,100
599,265,3,11,2,50,100
600,541,3,680,2,500,1000
600,541,3,335,2,500,1000
601,44,2,483,1,30,30
601,44,2,138,1,30,30
602,775,1,347,1,300,300
602,775,1,2,1,300,300
603,74,2,553,3,30,90
603,74,2,208,3,30,90
604,266,1,360,4,50,200
604,266,1,15,4,50,200
605,710,1,584,2,500,1000
605,710,1,239,2,500,1000
606,308,1,408,1,50,50
606,308,1,63,1,50,50
607,912,2,581,3,25,75
607,912,2,236,3,25,75
608,770,1,632,3,500,1500
608,770,1,287,3,500,1500
609,460,2,403,2,50,100
609,460,2,58,2,50,100
610,913,3,350,2,300,600
610,913,3,5,2,300,600
611,79,3,365,3,500,1500
611,79,3,20,3,500,1500
612,581,1,357,1,500,500
612,581,1,12,1,500,500
613,802,2,530,3,30,90
613,802,2,185,3,30,90
614,196,3,481,4,300,1200
614,196,3,136,4,300,1200
615,482,2,347,4,25,100
615,482,2,2,4,25,100
616,38,2,541,2,50,100
616,38,2,196,2,50,100
617,900,1,478,1,30,30
617,900,1,133,1,30,30
618,108,3,358,1,50,50
618,108,3,13,1,50,50
619,764,1,569,4,25,100
619,764,1,224,4,25,100
620,805,1,589,3,25,75
620,805,1,244,3,25,75
621,386,3,560,2,500,1000
621,386,3,215,2,500,1000
622,669,3,413,3,25,75
622,669,3,68,3,25,75
623,113,2,567,3,50,150
623,113,2,222,3,50,150
624,996,3,478,3,300,900
624,996,3,133,3,300,900
625,387,2,493,1,300,300
625,387,2,148,1,300,300
626,198,2,590,4,500,2000
626,198,2,245,4,500,2000
627,403,2,600,1,50,50
627,403,2,255,1,50,50
628,985,3,516,4,50,200
628,985,3,171,4,50,200
629,267,1,459,2,25,50
629,267,1,114,2,25,50
630,141,2,473,2,50,100
630,141,2,128,2,50,100
631,537,1,496,3,30,90
631,537,1,151,3,30,90
632,178,1,672,4,25,100
632,178,1,327,4,25,100
633,539,3,476,4,30,120
633,539,3,131,4,30,120
634,800,1,673,4,500,2000
634,800,1,328,4,500,2000
635,135,1,414,3,300,900
635,135,1,69,3,300,900
636,384,3,504,3,500,1500
636,384,3,159,3,500,1500
637,488,2,534,2,300,600
637,488,2,189,2,300,600
638,307,1,677,1,500,500
638,307,1,332,1,500,500
639,94,3,405,4,50,200
639,94,3,60,4,50,200
640,779,1,428,4,30,120
640,779,1,83,4,30,120
641,579,1,421,1,300,300
641,579,1,76,1,300,300
642,666,2,618,4,25,100
642,666,2,273,4,25,100
643,496,1,657,3,30,90
643,496,1,312,3,30,90
644,630,3,404,3,25,75
644,630,3,59,3,25,75
645,862,1,668,4,30,120
645,862,1,323,4,30,120
646,762,2,634,3,30,90
646,762,2,289,3,30,90
647,999,2,682,3,500,1500
647,999,2,337,3,500,1500
648,119,3,559,4,300,1200
648,119,3,214,4,300,1200
649,515,2,684,2,300,600
649,515,2,339,2,300,600
650,838,1,683,1,30,30
650,838,1,338,1,30,30
651,918,2,552,3,50,150
651,918,2,207,3,50,150
652,974,3,667,2,50,100
652,974,3,322,2,50,100
653,476,2,497,3,25,75
653,476,2,152,3,25,75
654,175,2,407,3,25,75
654,175,2,62,3,25,75
655,691,2,346,1,500,500
655,691,2,1,1,500,500
656,419,3,520,3,30,90
656,419,3,175,3,30,90
657,971,2,401,1,25,25
657,971,2,56,1,25,25
658,446,2,375,1,25,25
658,446,2,30,1,25,25
659,872,1,659,1,30,30
659,872,1,314,1,30,30
660,994,3,651,2,500,1000
660,994,3,306,2,500,1000
661,425,2,553,4,25,100
661,425,2,208,4,25,100
662,365,3,603,2,500,1000
662,365,3,258,2,500,1000
663,471,2,470,4,300,1200
663,471,2,125,4,300,1200
664,87,2,435,4,500,2000
664,87,2,90,4,500,2000
665,727,2,383,1,50,50
665,727,2,38,1,50,50
666,609,1,391,3,50,150
666,609,1,46,3,50,150
667,906,1,390,1,500,500
667,906,1,45,1,500,500
668,142,1,458,3,50,150
668,142,1,113,3,50,150
669,833,3,351,4,300,1200
669,833,3,6,4,300,1200
670,975,3,593,1,30,30
670,975,3,248,1,30,30
671,564,1,664,3,50,150
671,564,1,319,3,50,150
672,104,3,390,2,50,100
672,104,3,45,2,50,100
673,493,2,547,3,500,1500
673,493,2,202,3,500,1500
674,814,2,512,1,300,300
674,814,2,167,1,300,300
675,562,2,372,2,30,60
675,562,2,27,2,30,60
676,398,1,485,3,500,1500
676,398,1,140,3,500,1500
677,100,3,676,3,500,1500
677,100,3,331,3,500,1500
678,474,1,347,3,300,900
678,474,1,2,3,300,900
679,750,3,556,3,30,90
679,750,3,211,3,30,90
680,4,2,680,3,300,900
680,4,2,335,3,300,900
681,154,1,511,2,30,60
681,154,1,166,2,30,60
682,744,3,596,4,300,1200
682,744,3,251,4,300,1200
683,50,3,422,2,500,1000
683,50,3,77,2,500,1000
684,969,2,577,2,500,1000
684,969,2,232,2,500,1000
685,982,1,671,2,25,50
685,982,1,326,2,25,50
686,532,1,485,4,50,200
686,532,1,140,4,50,200
687,547,1,592,1,300,300
687,547,1,247,1,300,300
688,936,2,643,4,25,100
688,936,2,298,4,25,100
689,569,1,442,2,50,100
689,569,1,97,2,50,100
690,932,2,464,3,300,900
690,932,2,119,3,300,900
691,248,2,530,3,30,90
691,248,2,185,3,30,90
692,16,2,386,2,50,100
692,16,2,41,2,50,100
693,526,3,530,3,500,1500
693,526,3,185,3,500,1500
694,898,1,497,2,25,50
694,898,1,152,2,25,50
695,506,1,513,3,50,150
695,506,1,168,3,50,150
696,621,2,404,4,50,200
696,621,2,59,4,50,200
697,861,2,628,1,500,500
697,861,2,283,1,500,500
698,516,1,485,1,300,300
698,516,1,140,1,300,300
699,67,2,424,4,30,120
699,67,2,79,4,30,120
700,369,1,648,4,500,2000
700,369,1,303,4,500,2000
701,602,3,549,2,30,60
701,602,3,204,2,30,60
702,648,2,640,2,300,600
702,648,2,295,2,300,600
703,755,1,540,2,50,100
703,755,1,195,2,50,100
704,189,2,480,3,30,90
704,189,2,135,3,30,90
705,953,1,465,2,25,50
705,953,1,120,2,25,50
706,230,1,595,4,25,100
706,230,1,250,4,25,100
707,459,2,608,1,500,500
707,459,2,263,1,500,500
708,707,3,641,3,300,900
708,707,3,296,3,300,900
709,836,1,445,2,500,1000
709,836,1,100,2,500,1000
710,418,1,376,3,500,1500
710,418,1,31,3,500,1500
711,772,1,629,3,500,1500
711,772,1,284,3,500,1500
712,960,3,573,2,25,50
712,960,3,228,2,25,50
713,766,3,641,3,25,75
713,766,3,296,3,25,75
714,195,2,502,1,500,500
714,195,2,157,1,500,500
715,612,3,472,4,25,100
715,612,3,127,4,25,100
716,428,2,441,4,300,1200
716,428,2,96,4,300,1200
717,313,2,650,1,500,500
717,313,2,305,1,500,500
718,42,3,452,3,25,75
718,42,3,107,3,25,75
719,704,2,586,2,30,60
719,704,2,241,2,30,60
720,626,3,358,3,500,1500
720,626,3,13,3,500,1500
721,600,2,402,1,500,500
721,600,2,57,1,500,500
722,192,3,511,3,300,900
722,192,3,166,3,300,900
723,701,3,607,4,50,200
723,701,3,262,4,50,200
724,680,2,368,3,50,150
724,680,2,23,3,50,150
725,921,1,538,1,300,300
725,921,1,193,1,300,300
726,758,2,607,4,300,1200
726,758,2,262,4,300,1200
727,673,3,424,3,300,900
727,673,3,79,3,300,900
728,649,1,511,3,50,150
728,649,1,166,3,50,150
729,788,2,515,4,300,1200
729,788,2,170,4,300,1200
730,735,2,372,2,25,50
730,735,2,27,2,25,50
731,995,2,394,4,500,2000
731,995,2,49,4,500,2000
732,623,1,401,2,500,1000
732,623,1,56,2,500,1000
733,847,3,635,1,30,30
733,847,3,290,1,30,30
734,510,2,663,1,30,30
734,510,2,318,1,30,30
735,792,2,520,4,500,2000
735,792,2,175,4,500,2000
736,207,2,453,4,25,100
736,207,2,108,4,25,100
737,39,2,450,1,50,50
737,39,2,105,1,50,50
738,111,2,588,2,50,100
738,111,2,243,2,50,100
739,164,3,606,1,25,25
739,164,3,261,1,25,25
740,737,3,627,4,50,200
740,737,3,282,4,50,200
741,263,2,438,1,300,300
741,263,2,93,1,300,300
742,469,1,690,4,500,2000
742,469,1,345,4,500,2000
743,749,3,359,4,500,2000
743,749,3,14,4,500,2000
744,109,1,428,1,25,25
744,109,1,83,1,25,25
745,986,3,517,2,50,100
745,986,3,172,2,50,100
746,401,2,556,3,30,90
746,401,2,211,3,30,90
747,41,3,595,1,30,30
747,41,3,250,1,30,30
748,147,2,470,3,50,150
748,147,2,125,3,50,150
749,260,3,634,1,30,30
749,260,3,289,1,30,30
750,882,2,528,3,25,75
750,882,2,183,3,25,75
751,489,2,568,2,25,50
751,489,2,223,2,25,50
752,640,2,648,2,50,100
752,640,2,303,2,50,100
753,513,2,555,1,30,30
753,513,2,210,1,30,30
754,174,1,629,4,25,100
754,174,1,284,4,25,100
755,731,2,562,3,25,75
755,731,2,217,3,25,75
756,897,1,664,4,300,1200
756,897,1,319,4,300,1200
757,832,1,545,4,300,1200
757,832,1,200,4,300,1200
758,592,2,385,4,25,100
758,592,2,40,4,25,100
759,703,1,669,2,50,100
759,703,1,324,2,50,100
760,24,3,686,1,500,500
760,24,3,341,1,500,500
761,907,2,393,1,500,500
761,907,2,48,1,500,500
762,184,1,393,2,25,50
762,184,1,48,2,25,50
763,8,2,555,2,25,50
763,8,2,210,2,25,50
764,435,2,575,1,25,25
764,435,2,230,1,25,25
765,314,2,557,4,50,200
765,314,2,212,4,50,200
766,344,1,505,3,300,900
766,344,1,160,3,300,900
767,360,3,661,3,25,75
767,360,3,316,3,25,75
768,363,3,641,3,25,75
768,363,3,296,3,25,75
769,114,1,557,4,30,120
769,114,1,212,4,30,120
770,926,2,680,1,50,50
770,926,2,335,1,50,50
771,910,1,658,2,25,50
771,910,1,313,2,25,50
772,708,1,392,1,30,30
772,708,1,47,1,30,30
773,685,1,507,4,500,2000
773,685,1,162,4,500,2000
774,5,2,396,2,25,50
774,5,2,51,2,25,50
775,712,1,353,4,25,100
775,712,1,8,4,25,100
776,264,2,376,3,30,90
776,264,2,31,3,30,90
777,481,1,416,3,50,150
777,481,1,71,3,50,150
778,546,3,566,4,25,100
778,546,3,221,4,25,100
779,214,1,408,2,500,1000
779,214,1,63,2,500,1000
780,289,1,548,2,25,50
780,289,1,203,2,25,50
781,254,3,347,1,500,500
781,254,3,2,1,500,500
782,591,2,583,3,300,900
782,591,2,238,3,300,900
783,64,2,499,1,300,300
783,64,2,154,1,300,300
784,611,1,646,1,500,500
784,611,1,301,1,500,500
785,424,3,675,4,50,200
785,424,3,330,4,50,200
786,97,2,535,4,25,100
786,97,2,190,4,25,100
787,577,1,610,1,25,25
787,577,1,265,1,25,25
788,787,3,475,3,300,900
788,787,3,130,3,300,900
789,917,2,460,4,500,2000
789,917,2,115,4,500,2000
790,568,2,441,1,25,25
790,568,2,96,1,25,25
791,45,3,522,1,25,25
791,45,3,177,1,25,25
792,646,3,443,1,50,50
792,646,3,98,1,50,50
793,776,3,627,1,30,30
793,776,3,282,1,30,30
794,827,3,614,1,300,300
794,827,3,269,1,300,300
795,240,1,437,1,300,300
795,240,1,92,1,300,300
796,665,3,361,4,30,120
796,665,3,16,4,30,120
797,131,2,411,3,25,75
797,131,2,66,3,25,75
798,903,2,372,1,50,50
798,903,2,27,1,50,50
799,769,1,354,2,50,100
799,769,1,9,2,50,100
800,315,2,365,4,300,1200
800,315,2,20,4,300,1200
801,853,2,477,4,50,200
801,853,2,132,4,50,200
802,845,3,486,1,30,30
802,845,3,141,1,30,30
803,156,2,509,4,25,100
803,156,2,164,4,25,100
804,529,1,613,1,30,30
804,529,1,268,1,30,30
805,242,3,364,3,500,1500
805,242,3,19,3,500,1500
806,378,3,470,3,300,900
806,378,3,125,3,300,900
807,236,1,471,4,50,200
807,236,1,126,4,50,200
808,253,3,481,4,500,2000
808,253,3,136,4,500,2000
809,724,3,523,2,50,100
809,724,3,178,2,50,100
810,343,1,438,4,25,100
810,343,1,93,4,25,100
811,542,3,529,2,25,50
811,542,3,184,2,25,50
812,922,1,637,3,25,75
812,922,1,292,3,25,75
813,223,1,643,3,50,150
813,223,1,298,3,50,150
814,127,2,490,1,500,500
814,127,2,145,1,500,500
815,824,2,664,3,25,75
815,824,2,319,3,25,75
816,765,3,513,2,500,1000
816,765,3,168,2,500,1000
817,895,3,376,4,50,200
817,895,3,31,4,50,200
818,935,1,685,1,500,500
818,935,1,340,1,500,500
819,962,3,348,2,50,100
819,962,3,3,2,50,100
820,754,1,679,4,50,200
820,754,1,334,4,50,200
821,583,1,542,1,300,300
821,583,1,197,1,300,300
822,887,3,515,3,50,150
822,887,3,170,3,50,150
823,412,1,677,2,50,100
823,412,1,332,2,50,100
824,914,2,408,4,30,120
824,914,2,63,4,30,120
825,905,3,478,1,25,25
825,905,3,133,1,25,25
826,771,2,655,1,300,300
826,771,2,310,1,300,300
827,530,3,479,3,300,900
827,530,3,134,3,300,900
828,270,1,648,4,300,1200
828,270,1,303,4,300,1200
829,767,3,511,3,30,90
829,767,3,166,3,30,90
830,191,2,424,3,50,150
830,191,2,79,3,50,150
831,245,1,628,4,25,100
831,245,1,283,4,25,100
832,829,3,360,4,500,2000
832,829,3,15,4,500,2000
833,392,3,620,4,50,200
833,392,3,275,4,50,200
834,146,3,586,2,30,60
834,146,3,241,2,30,60
835,797,2,386,4,50,200
835,797,2,41,4,50,200
836,395,2,368,1,50,50
836,395,2,23,1,50,50
837,93,3,488,3,30,90
837,93,3,143,3,30,90
838,718,1,405,2,300,600
838,718,1,60,2,300,600
839,465,1,361,4,300,1200
839,465,1,16,4,300,1200
840,585,2,468,2,25,50
840,585,2,123,2,25,50
841,928,1,519,4,25,100
841,928,1,174,4,25,100
842,490,2,463,2,300,600
842,490,2,118,2,300,600
843,873,3,618,3,500,1500
843,873,3,273,3,500,1500
844,993,2,591,3,50,150
844,993,2,246,3,50,150
845,973,2,670,1,500,500
845,973,2,325,1,500,500
846,534,3,446,1,50,50
846,534,3,101,1,50,50
847,200,1,434,4,300,1200
847,200,1,89,4,300,1200
848,629,2,456,3,25,75
848,629,2,111,3,25,75
849,442,2,395,2,25,50
849,442,2,50,2,25,50
850,161,3,458,2,500,1000
850,161,3,113,2,500,1000
851,66,1,354,2,25,50
851,66,1,9,2,25,50
852,519,2,591,1,300,300
852,519,2,246,1,300,300
853,511,3,395,2,500,1000
853,511,3,50,2,500,1000
854,839,2,416,1,50,50
854,839,2,71,1,50,50
855,36,3,534,1,25,25
855,36,3,189,1,25,25
856,406,1,467,4,30,120
856,406,1,122,4,30,120
857,206,1,631,2,25,50
857,206,1,286,2,25,50
858,991,1,371,2,50,100
858,991,1,26,2,50,100
859,385,1,503,3,500,1500
859,385,1,158,3,500,1500
860,251,2,420,4,50,200
860,251,2,75,4,50,200
861,271,2,621,3,30,90
861,271,2,276,3,30,90
862,239,1,418,4,300,1200
862,239,1,73,4,300,1200
863,367,1,366,2,25,50
863,367,1,21,2,25,50
864,324,1,640,1,500,500
864,324,1,295,1,500,500
865,258,2,412,1,300,300
865,258,2,67,1,300,300
866,407,1,408,1,50,50
866,407,1,63,1,50,50
867,153,1,660,1,500,500
867,153,1,315,1,500,500
868,243,1,573,1,300,300
868,243,1,228,1,300,300
869,176,3,597,3,500,1500
869,176,3,252,3,500,1500
870,173,1,669,4,30,120
870,173,1,324,4,30,120
871,808,3,568,2,30,60
871,808,3,223,2,30,60
872,211,3,644,3,25,75
872,211,3,299,3,25,75
873,571,1,590,4,25,100
873,571,1,245,4,25,100
874,58,3,508,1,30,30
874,58,3,163,1,30,30
875,925,1,357,4,500,2000
875,925,1,12,4,500,2000
876,502,2,601,4,30,120
876,502,2,256,4,30,120
877,391,2,351,1,25,25
877,391,2,6,1,25,25
878,429,2,577,1,30,30
878,429,2,232,1,30,30
879,7,2,463,1,30,30
879,7,2,118,1,30,30
880,798,3,538,2,500,1000
880,798,3,193,2,500,1000
881,752,1,529,1,300,300
881,752,1,184,1,300,300
882,430,1,660,2,25,50
882,430,1,315,2,25,50
883,831,1,656,1,500,500
883,831,1,311,1,500,500
884,694,2,651,2,30,60
884,694,2,306,2,30,60
885,698,2,675,4,30,120
885,698,2,330,4,30,120
886,70,1,571,3,300,900
886,70,1,226,3,300,900
887,970,2,527,4,25,100
887,970,2,182,4,25,100
888,881,1,675,4,25,100
888,881,1,330,4,25,100
889,689,1,594,1,50,50
889,689,1,249,1,50,50
890,525,1,416,2,25,50
890,525,1,71,2,25,50
891,785,1,602,3,300,900
891,785,1,257,3,300,900
892,275,1,571,1,50,50
892,275,1,226,1,50,50
893,149,1,565,1,50,50
893,149,1,220,1,50,50
894,851,1,490,1,30,30
894,851,1,145,1,30,30
895,319,2,618,4,30,120
895,319,2,273,4,30,120
896,328,1,598,2,25,50
896,328,1,253,2,25,50
897,638,1,604,2,50,100
897,638,1,259,2,50,100
898,572,2,519,3,30,90
898,572,2,174,3,30,90
899,26,2,582,2,300,600
899,26,2,237,2,300,600
900,182,2,369,2,30,60
900,182,2,24,2,30,60
901,877,1,483,1,30,30
901,877,1,138,1,30,30
902,743,3,436,1,50,50
902,743,3,91,1,50,50
903,874,3,429,4,50,200
903,874,3,84,4,50,200
904,366,2,355,1,500,500
904,366,2,10,1,500,500
905,763,3,525,1,300,300
905,763,3,180,1,300,300
906,821,2,583,1,50,50
906,821,2,238,1,50,50
907,523,1,409,1,25,25
907,523,1,64,1,25,25
908,720,3,364,4,300,1200
908,720,3,19,4,300,1200
909,811,1,608,1,300,300
909,811,1,263,1,300,300
910,946,3,528,3,50,150
910,946,3,183,3,50,150
911,381,1,682,3,300,900
911,381,1,337,3,300,900
912,990,3,674,3,50,150
912,990,3,329,3,50,150
913,521,1,550,3,30,90
913,521,1,205,3,30,90
914,130,1,644,1,500,500
914,130,1,299,1,500,500
915,376,3,379,3,30,90
915,376,3,34,3,30,90
916,472,1,518,1,50,50
916,472,1,173,1,50,50
917,238,1,528,4,50,200
917,238,1,183,4,50,200
918,941,1,421,3,30,90
918,941,1,76,3,30,90
919,492,3,371,2,25,50
919,492,3,26,2,25,50
920,186,3,548,3,25,75
920,186,3,203,3,25,75
921,235,1,411,3,25,75
921,235,1,66,3,25,75
922,909,1,444,1,50,50
922,909,1,99,1,50,50
923,228,3,494,3,300,900
923,228,3,149,3,300,900
924,105,3,635,2,50,100
924,105,3,290,2,50,100
925,112,1,564,1,300,300
925,112,1,219,1,300,300
926,231,1,559,1,30,30
926,231,1,214,1,30,30
927,662,1,361,4,500,2000
927,662,1,16,4,500,2000
928,277,2,602,4,300,1200
928,277,2,257,4,300,1200
929,115,3,453,3,25,75
929,115,3,108,3,25,75
930,296,2,394,4,50,200
930,296,2,49,4,50,200
931,980,3,596,4,30,120
931,980,3,251,4,30,120
932,859,3,555,4,25,100
932,859,3,210,4,25,100
933,423,3,623,1,30,30
933,423,3,278,1,30,30
934,885,3,495,1,500,500
934,885,3,150,1,500,500
935,843,3,371,1,50,50
935,843,3,26,1,50,50
936,584,3,451,4,50,200
936,584,3,106,4,50,200
937,400,3,611,1,500,500
937,400,3,266,1,500,500
938,947,2,356,4,50,200
938,947,2,11,4,50,200
939,644,1,574,1,300,300
939,644,1,229,1,300,300
940,150,1,550,1,30,30
940,150,1,205,1,30,30
941,397,2,659,2,25,50
941,397,2,314,2,25,50
942,786,2,580,3,500,1500
942,786,2,235,3,500,1500
943,810,2,629,4,300,1200
943,810,2,284,4,300,1200
944,933,2,687,2,25,50
944,933,2,342,2,25,50
945,871,3,456,1,25,25
945,871,3,111,1,25,25
946,759,1,589,4,500,2000
946,759,1,244,4,500,2000
947,123,3,526,1,300,300
947,123,3,181,1,300,300
948,968,1,569,3,25,75
948,968,1,224,3,25,75
949,945,1,448,2,25,50
949,945,1,103,2,25,50
950,145,2,393,3,300,900
950,145,2,48,3,300,900
951,700,3,519,2,50,100
951,700,3,174,2,50,100
952,14,2,381,1,25,25
952,14,2,36,1,25,25
953,29,3,388,3,30,90
953,29,3,43,3,30,90
954,920,1,523,3,300,900
954,920,1,178,3,300,900
955,561,2,511,1,25,25
955,561,2,166,1,25,25
956,487,2,677,3,500,1500
956,487,2,332,3,500,1500
957,815,1,473,4,30,120
957,815,1,128,4,30,120
958,841,1,671,2,25,50
958,841,1,326,2,25,50
959,357,1,598,2,30,60
959,357,1,253,2,30,60
960,500,2,441,2,30,60
960,500,2,96,2,30,60
961,215,3,660,4,50,200
961,215,3,315,4,50,200
962,170,2,655,2,30,60
962,170,2,310,2,30,60
963,966,3,382,1,50,50
963,966,3,37,1,50,50
964,739,2,599,3,300,900
964,739,2,254,3,300,900
965,342,2,479,4,50,200
965,342,2,134,4,50,200
966,505,1,399,2,500,1000
966,505,1,54,2,500,1000
967,284,3,554,1,25,25
967,284,3,209,1,25,25
968,82,2,668,3,300,900
968,82,2,323,3,300,900
969,415,2,368,3,300,900
969,415,2,23,3,300,900
970,188,1,500,4,500,2000
970,188,1,155,4,500,2000
971,742,1,522,4,50,200
971,742,1,177,4,50,200
972,989,3,401,4,25,100
972,989,3,56,4,25,100
973,122,2,417,1,50,50
973,122,2,72,1,50,50
974,434,3,634,1,30,30
974,434,3,289,1,30,30
975,461,2,579,4,50,200
975,461,2,234,4,50,200
976,259,3,410,2,300,600
976,259,3,65,2,300,600
977,984,1,353,3,25,75
977,984,1,8,3,25,75
978,168,2,417,3,50,150
978,168,2,72,3,50,150
979,306,3,639,1,25,25
979,306,3,294,1,25,25
980,172,1,489,3,25,75
980,172,1,144,3,25,75
981,241,1,677,2,30,60
981,241,1,332,2,30,60
982,281,3,403,3,30,90
982,281,3,58,3,30,90
983,896,2,516,1,300,300
983,896,2,171,1,300,300
984,535,2,635,1,500,500
984,535,2,290,1,500,500
985,17,1,379,2,25,50
985,17,1,34,2,25,50
986,791,2,367,2,500,1000
986,791,2,22,2,500,1000
987,244,2,651,3,300,900
987,244,2,306,3,300,900
988,356,2,636,3,25,75
988,356,2,291,3,25,75
989,107,1,435,1,25,25
989,107,1,90,1,25,25
990,790,3,582,2,500,1000
990,790,3,237,2,500,1000
991,85,2,463,2,50,100
991,85,2,118,2,50,100
992,730,1,538,2,30,60
992,730,1,193,2,30,60
993,774,1,536,3,50,150
993,774,1,191,3,50,150
994,477,3,574,2,500,1000
994,477,3,229,2,500,1000
995,865,2,531,1,30,30
995,865,2,186,1,30,30
996,466,2,500,1,50,50
996,466,2,155,1,50,50
997,181,3,668,3,30,90
997,181,3,323,3,30,90
998,848,3,598,4,25,100
998,848,3,253,4,25,100
999,806,1,522,3,50,150
999,806,1,177,3,50,150
1000,746,1,396,4,30,120
1000,746,1,51,4,30,120
13-06-2023,2023,6,13,,,
23-12-2023,2023,12,23,,,
15-06-2023,2023,6,15,,,
31-03-2023,2023,3,31,,,
03-01-2023,2023,1,3,,,
19-06-2023,2023,6,19,,,
04-12-2023,2023,12,4,,,
08-02-2023,2023,2,8,,,
08-09-2023,2023,9,8,,,
04-07-2023,2023,7,4,,,
19-11-2023,2023,11,19,,,
06-08-2023,2023,8,6,,,
26-01-2023,2023,1,26,,,
16-01-2023,2023,1,16,,,
11-09-2023,2023,9,11,,,
24-06-2023,2023,6,24,,,
16-12-2023,2023,12,16,,,
28-03-2023,2023,3,28,,,
29-12-2023,2023,12,29,,,
24-02-2023,2023,2,24,,,
24-04-2023,2023,4,24,,,
17-01-2023,2023,1,17,,,
19-04-2023,2023,4,19,,,
21-02-2023,2023,2,21,,,
26-07-2023,2023,7,26,,,
09-09-2023,2023,9,9,,,
04-08-2023,2023,8,4,,,
29-03-2023,2023,3,29,,,
26-02-2023,2023,2,26,,,
12-03-2023,2023,3,12,,,
31-10-2023,2023,10,31,,,
05-03-2023,2023,3,5,,,
07-12-2023,2023,12,7,,,
30-05-2023,2023,5,30,,,
23-06-2023,2023,6,23,,,
13-11-2023,2023,11,13,,,
14-11-2023,2023,11,14,,,
20-04-2023,2023,4,20,,,
01-03-2023,2023,3,1,,,
12-05-2023,2023,5,12,,,
07-09-2023,2023,9,7,,,
11-12-2023,2023,12,11,,,
26-04-2023,2023,4,26,,,
15-04-2023,2023,4,15,,,
01-08-2023,2023,8,1,,,
02-02-2023,2023,2,2,,,
12-07-2023,2023,7,12,,,
07-11-2023,2023,11,7,,,
10-05-2023,2023,5,10,,,
04-05-2023,2023,5,4,,,
12-04-2023,2023,4,12,,,
25-06-2023,2023,6,25,,,
03-12-2023,2023,12,3,,,
20-02-2023,2023,2,20,,,
01-12-2023,2023,12,1,,,
11-02-2023,2023,2,11,,,
14-05-2023,2023,5,14,,,
19-12-2023,2023,12,19,,,
06-09-2023,2023,9,6,,,
13-05-2023,2023,5,13,,,
13-01-2023,2023,1,13,,,
21-06-2023,2023,6,21,,,
05-05-2023,2023,5,5,,,
08-01-2023,2023,1,8,,,
10-10-2023,2023,10,10,,,
07-01-2023,2023,1,7,,,
21-12-2023,2023,12,21,,,
22-08-2023,2023,8,22,,,
17-08-2023,2023,8,17,,,
21-11-2023,2023,11,21,,,
20-12-2023,2023,12,20,,,
22-03-2023,2023,3,22,,,
31-05-2023,2023,5,31,,,
18-10-2023,2023,10,18,,,
09-01-2023,2023,1,9,,,
23-11-2023,2023,11,23,,,
04-01-2023,2023,1,4,,,
30-07-2023,2023,7,30,,,
22-06-2023,2023,6,22,,,
17-05-2023,2023,5,17,,,
09-03-2023,2023,3,9,,,
20-08-2023,2023,8,20,,,
07-05-2023,2023,5,7,,,
27-04-2023,2023,4,27,,,
15-09-2023,2023,9,15,,,
24-03-2023,2023,3,24,,,
15-03-2023,2023,3,15,,,
03-06-2023,2023,6,3,,,
08-04-2023,2023,4,8,,,
28-12-2023,2023,12,28,,,
01-06-2023,2023,6,1,,,
28-11-2023,2023,11,28,,,
30-11-2023,2023,11,30,,,
18-09-2023,2023,9,18,,,
26-10-2023,2023,10,26,,,
08-08-2023,2023,8,8,,,
07-10-2023,2023,10,7,,,
09-07-2023,2023,7,9,,,
21-10-2023,2023,10,21,,,
21-07-2023,2023,7,21,,,
22-09-2023,2023,9,22,,,
09-08-2023,2023,8,9,,,
02-08-2023,2023,8,2,,,
20-10-2023,2023,10,20,,,
29-06-2023,2023,6,29,,,
07-02-2023,2023,2,7,,,
25-08-2023,2023,8,25,,,
27-01-2023,2023,1,27,,,
24-11-2023,2023,11,24,,,
13-03-2023,2023,3,13,,,
13-02-2023,2023,2,13,,,
22-07-2023,2023,7,22,,,
28-07-2023,2023,7,28,,,
12-06-2023,2023,6,12,,,
30-09-2023,2023,9,30,,,
08-03-2023,2023,3,8,,,
01-01-2023,2023,1,1,,,
26-12-2023,2023,12,26,,,
05-11-2023,2023,11,5,,,
07-03-2023,2023,3,7,,,
20-01-2023,2023,1,20,,,
27-11-2023,2023,11,27,,,
24-05-2023,2023,5,24,,,
15-07-2023,2023,7,15,,,
20-03-2023,2023,3,20,,,
11-08-2023,2023,8,11,,,
26-11-2023,2023,11,26,,,
15-08-2023,2023,8,15,,,
18-04-2023,2023,4,18,,,
27-06-2023,2023,6,27,,,
07-08-2023,2023,8,7,,,
10-08-2023,2023,8,10,,,
26-08-2023,2023,8,26,,,
09-11-2023,2023,11,9,,,
28-08-2023,2023,8,28,,,
01-04-2023,2023,4,1,,,
10-06-2023,2023,6,10,,,
10-04-2023,2023,4,10,,,
13-08-2023,2023,8,13,,,
19-07-2023,2023,7,19,,,
05-07-2023,2023,7,5,,,
11-07-2023,2023,7,11,,,
01-07-2023,2023,7,1,,,
29-07-2023,2023,7,29,,,
05-09-2023,2023,9,5,,,
03-07-2023,2023,7,3,,,
05-08-2023,2023,8,5,,,
08-12-2023,2023,12,8,,,
26-05-2023,2023,5,26,,,
25-07-2023,2023,7,25,,,
10-11-2023,2023,11,10,,,
20-05-2023,2023,5,20,,,
10-12-2023,2023,12,10,,,
17-12-2023,2023,12,17,,,
16-05-2023,2023,5,16,,,
27-02-2023,2023,2,27,,,
12-02-2023,2023,2,12,,,
18-08-2023,2023,8,18,,,
23-03-2023,2023,3,23,,,
25-02-2023,2023,2,25,,,
23-02-2023,2023,2,23,,,
23-07-2023,2023,7,23,,,
26-06-2023,2023,6,26,,,
22-11-2023,2023,11,22,,,
30-10-2023,2023,10,30,,,
14-07-2023,2023,7,14,,,
16-04-2023,2023,4,16,,,
12-08-2023,2023,8,12,,,
23-01-2023,2023,1,23,,,
23-05-2023,2023,5,23,,,
01-11-2023,2023,11,1,,,
13-04-2023,2023,4,13,,,
24-12-2023,2023,12,24,,,
02-11-2023,2023,11,2,,,
04-10-2023,2023,10,4,,,
04-09-2023,2023,9,4,,,
05-12-2023,2023,12,5,,,
25-09-2023,2023,9,25,,,
29-01-2023,2023,1,29,,,
02-04-2023,2023,4,2,,,
02-03-2023,2023,3,2,,,
11-06-2023,2023,6,11,,,
06-03-2023,2023,3,6,,,
19-05-2023,2023,5,19,,,
23-04-2023,2023,4,23,,,
30-04-2023,2023,4,30,,,
28-04-2023,2023,4,28,,,
21-09-2023,2023,9,21,,,
01-09-2023,2023,9,1,,,
17-10-2023,2023,10,17,,,
06-02-2023,2023,2,6,,,
07-06-2023,2023,6,7,,,
21-08-2023,2023,8,21,,,
06-10-2023,2023,10,6,,,
26-03-2023,2023,3,26,,,
23-09-2023,2023,9,23,,,
14-02-2023,2023,2,14,,,
18-06-2023,2023,6,18,,,
20-11-2023,2023,11,20,,,
25-12-2023,2023,12,25,,,
06-07-2023,2023,7,6,,,
01-02-2023,2023,2,1,,,
22-02-2023,2023,2,22,,,
14-12-2023,2023,12,14,,,
28-01-2023,2023,1,28,,,
05-01-2023,2023,1,5,,,
27-05-2023,2023,5,27,,,
16-07-2023,2023,7,16,,,
17-04-2023,2023,4,17,,,
28-02-2023,2023,2,28,,,
11-01-2023,2023,1,11,,,
09-06-2023,2023,6,9,,,
15-12-2023,2023,12,15,,,
14-08-2023,2023,8,14,,,
04-03-2023,2023,3,4,,,
03-11-2023,2023,11,3,,,
22-04-2023,2023,4,22,,,
06-11-2023,2023,11,6,,,
03-09-2023,2023,9,3,,,
21-04-2023,2023,4,21,,,
18-11-2023,2023,11,18,,,
10-03-2023,2023,3,10,,,
31-08-2023,2023,8,31,,,
13-10-2023,2023,10,13,,,
25-01-2023,2023,1,25,,,
09-04-2023,2023,4,9,,,
31-07-2023,2023,7,31,,,
06-12-2023,2023,12,6,,,
18-12-2023,2023,12,18,,,
25-03-2023,2023,3,25,,,
08-06-2023,2023,6,8,,,
30-06-2023,2023,6,30,,,
10-02-2023,2023,2,10,,,
30-03-2023,2023,3,30,,,
18-03-2023,2023,3,18,,,
17-03-2023,2023,3,17,,,
25-05-2023,2023,5,25,,,
04-06-2023,2023,6,4,,,
24-07-2023,2023,7,24,,,
20-06-2023,2023,6,20,,,
04-04-2023,2023,4,4,,,
25-11-2023,2023,11,25,,,
25-04-2023,2023,4,25,,,
08-05-2023,2023,5,8,,,
29-09-2023,2023,9,29,,,
12-10-2023,2023,10,12,,,
03-08-2023,2023,8,3,,,
05-10-2023,2023,10,5,,,
02-10-2023,2023,10,2,,,
15-11-2023,2023,11,15,,,
02-09-2023,2023,9,2,,,
25-10-2023,2023,10,25,,,
29-10-2023,2023,10,29,,,
31-01-2023,2023,1,31,,,
14-10-2023,2023,10,14,,,
09-10-2023,2023,10,9,,,
05-04-2023,2023,4,5,,,
22-12-2023,2023,12,22,,,
26-09-2023,2023,9,26,,,
08-11-2023,2023,11,8,,,
29-11-2023,2023,11,29,,,
17-06-2023,2023,6,17,,,
01-10-2023,2023,10,1,,,
15-10-2023,2023,10,15,,,
22-01-2023,2023,1,22,,,
23-10-2023,2023,10,23,,,
18-02-2023,2023,2,18,,,
24-08-2023,2023,8,24,,,
17-09-2023,2023,9,17,,,
14-09-2023,2023,9,14,,,
28-09-2023,2023,9,28,,,
19-09-2023,2023,9,19,,,
22-05-2023,2023,5,22,,,
06-04-2023,2023,4,6,,,
16-06-2023,2023,6,16,,,
17-02-2023,2023,2,17,,,
16-02-2023,2023,2,16,,,
03-02-2023,2023,2,3,,,
11-04-2023,2023,4,11,,,
11-05-2023,2023,5,11,,,
23-08-2023,2023,8,23,,,
05-02-2023,2023,2,5,,,
15-01-2023,2023,1,15,,,
16-10-2023,2023,10,16,,,
30-01-2023,2023,1,30,,,
31-12-2023,2023,12,31,,,
02-12-2023,2023,12,2,,,
28-06-2023,2023,6,28,,,
03-05-2023,2023,5,3,,,
29-08-2023,2023,8,29,,,
28-05-2023,2023,5,28,,,
12-11-2023,2023,11,12,,,
12-12-2023,2023,12,12,,,
02-01-2023,2023,1,2,,,
27-07-2023,2023,7,27,,,
14-01-2023,2023,1,14,,,
04-02-2023,2023,2,4,,,
03-10-2023,2023,10,3,,,
11-10-2023,2023,10,11,,,
19-01-2023,2023,1,19,,,
04-11-2023,2023,11,4,,,
27-12-2023,2023,12,27,,,
09-12-2023,2023,12,9,,,
21-03-2023,2023,3,21,,,
11-03-2023,2023,3,11,,,
29-04-2023,2023,4,29,,,
15-05-2023,2023,5,15,,,
16-11-2023,2023,11,16,,,
13-09-2023,2023,9,13,,,
19-10-2023,2023,10,19,,,
09-05-2023,2023,5,9,,,
24-09-2023,2023,9,24,,,
13-12-2023,2023,12,13,,,
19-03-2023,2023,3,19,,,
06-06-2023,2023,6,6,,,
24-10-2023,2023,10,24,,,
14-06-2023,2023,6,14,,,
10-01-2023,2023,1,10,,,
27-08-2023,2023,8,27,,,
19-02-2023,2023,2,19,,,
10-09-2023,2023,9,10,,,
01-05-2023,2023,5,1,,,
17-11-2023,2023,11,17,,,
08-07-2023,2023,7,8,,,
06-01-2023,2023,1,6,,,
02-06-2023,2023,6,2,,,
16-09-2023,2023,9,16,,,
08-10-2023,2023,10,8,,,
24-01-2023,2023,1,24,,,
03-03-2023,2023,3,3,,,
27-10-2023,2023,10,27,,,
19-08-2023,2023,8,19,,,
13-07-2023,2023,7,13,,,
06-05-2023,2023,5,6,,,
22-10-2023,2023,10,22,,,
29-05-2023,2023,5,29,,,
21-05-2023,2023,5,21,,,
01-01-2024,2024,1,1,,,
09-02-2023,2023,2,9,,,
18-05-2023,2023,5,18,,,
27-03-2023,2023,3,27,,,
05-06-2023,2023,6,5,,,
02-05-2023,2023,5,2,,,
17-07-2023,2023,7,17,,,
21-01-2023,2023,1,21,,,
2000,,,,,,
0,,,,,,
Electronics,313810,,,,,
Clothing,311160,,,,,
Beauty,287030,,,,,
2023,908940,,,,,
2024,3060,,,,,
1000,,,,,,
1000,,,,,,
